{
  "scores": {
    "easy_missing_and_dupes": 0.24444444444444444,
    "medium_type_and_category": 0.325974025974026,
    "hard_conflicts_and_budget": 0.20379310344827584
  },
  "aggregate_score": 0.2580705246222488
}